MATERIAL_NAME,1,2,3,4,5,6,7,8,9,10,11,12
MAT-0001,191900.0,365875.0,152900.0,250.0,229500.0,25.0,36000.0,97300.0,191925.0,375.0,39000.0,1500.0
MAT-0002,1175.0,1175.0,1175.0,74250.0,24750.0,24750.0,1175.0,24750.0,7900.0,2750.0,2750.0,4325.0
MAT-0003,39168.0,73372.0,73372.0,39168.0,39168.0,39168.0,39168.0,58752.0,7344.0,7344.0,7344.0,39168.0
MAT-0004,25450.0,4500.0,4500.0,25450.0,25450.0,49500.0,49500.0,22500.0,22500.0,22500.0,22500.0,22500.0
MAT-0005,10500.0,10500.0,10500.0,4500.0,10500.0,4500.0,3000.0,3000.0,3000.0,3000.0,3000.0,3000.0
MAT-0006,3850.0,3850.0,3850.0,3850.0,3850.0,3850.0,3850.0,3850.0,3850.0,3850.0,3850.0,3850.0
MAT-0007,5400.0,4125.0,24750.0,25.0,475.0,52250.0,71500.0,89375.0,43750.0,71500.0,225.0,26125.0
MAT-0008,1250.0,1250.0,1250.0,0.0,0.0,0.0,0.0,0.0,0.0,0.0,0.0,0.0
MAT-0009,11050.0,650.0,11050.0,11050.0,11050.0,8450.0,5200.0,650.0,650.0,24050.0,650.0,9100.0
MAT-0010,75.0,75.0,75.0,84.0,84.0,84.0,84.0,84.0,84.0,84.0,84.0,84.0
MAT-0011,32875.0,32875.0,32875.0,32875.0,0.0,49500.0,66000.0,49500.0,30450.0,30450.0,48450.0,3925.0
MAT-0012,24750.0,24750.0,24750.0,24750.0,24750.0,24750.0,22000.0,38500.0,1325.0,13750.0,22000.0,13750.0
MAT-0013,176600.0,153000.0,150000.0,825.0,73425.0,50.0,48000.0,203875.0,119950.0,126000.0,40525.0,1225.0
MAT-0014,22.0,22.0,160.0,221.0,221.0,49500.0,20625.0,20625.0,17125.0,17125.0,17125.0,17125.0
MAT-0015,1050.0,850.0,23625.0,875.0,0.0,371250.0,25650.0,11000.0,1275.0,1275.0,525.0,500.0
MAT-0016,0.0,0.0,0.0,0.0,0.0,0.0,0.0,0.0,0.0,0.0,0.0,0.0
MAT-0017,19650.0,850.0,850.0,0.0,0.0,6250.0,0.0,0.0,33700.0,600.0,18750.0,27500.0
MAT-0018,45375.0,45375.0,45375.0,45375.0,45375.0,45375.0,111375.0,148500.0,148500.0,123750.0,79750.0,500.0
MAT-0019,25500.0,25500.0,25500.0,25500.0,25500.0,25500.0,25500.0,25500.0,25400.0,10425.0,24000.0,10325.0
MAT-0020,1375.0,1375.0,1375.0,1375.0,1375.0,1375.0,1375.0,1375.0,1375.0,1375.0,1375.0,145750.0
MAT-0021,4125.0,4125.0,4125.0,4125.0,4125.0,4125.0,4125.0,4125.0,4125.0,4125.0,4125.0,4125.0
MAT-0022,6875.0,6875.0,6875.0,6875.0,6875.0,6875.0,6875.0,6875.0,6875.0,6875.0,6875.0,6875.0
MAT-0023,5500.0,5500.0,5500.0,5500.0,5500.0,5500.0,5500.0,5500.0,5500.0,5500.0,5500.0,5500.0
MAT-0024,8250.0,8250.0,8250.0,8250.0,8250.0,8250.0,8250.0,8250.0,8250.0,85250.0,85250.0,83875.0
MAT-0025,89375.0,89375.0,89375.0,89375.0,89375.0,89375.0,89375.0,89375.0,89375.0,89375.0,89375.0,34375.0
MAT-0026,16500.0,16500.0,16500.0,16500.0,16500.0,16500.0,16500.0,16500.0,16500.0,16500.0,16500.0,16500.0
MAT-0027,99000.0,99000.0,99000.0,99000.0,99000.0,99000.0,99000.0,99000.0,99000.0,99000.0,99000.0,99000.0
MAT-0028,1375.0,17875.0,1375.0,1375.0,17875.0,17875.0,875.0,17875.0,875.0,17875.0,17875.0,17875.0
MAT-0029,15800.0,15800.0,15800.0,675.0,675.0,675.0,675.0,675.0,675.0,675.0,675.0,675.0
MAT-0030,46750.0,46750.0,46750.0,46750.0,46750.0,46750.0,33625.0,45625.0,33625.0,19500.0,33625.0,33625.0
MAT-0031,166375.0,166375.0,166375.0,166375.0,166375.0,166375.0,166375.0,166375.0,166375.0,166375.0,166375.0,166375.0
MAT-0032,5875.0,5875.0,314950.0,25475.0,16500.0,0.0,725.0,289775.0,213250.0,13500.0,9200.0,1200.0
MAT-0033,181500.0,181500.0,181500.0,181500.0,181500.0,181500.0,181500.0,181500.0,181500.0,181500.0,181500.0,181500.0
MAT-0034,5500.0,5500.0,5500.0,5500.0,5500.0,5500.0,5500.0,4500.0,5500.0,5500.0,5500.0,5500.0
MAT-0035,81825.0,82475.0,87850.0,79750.0,0.0,24900.0,24900.0,26100.0,26100.0,20575.0,25.0,67325.0
MAT-0036,49175.0,49175.0,24750.0,24750.0,24700.0,49175.0,49175.0,65.0,12325.0,12325.0,12325.0,12325.0
MAT-0037,24750.0,24750.0,24750.0,77000.0,23375.0,23375.0,16500.0,79750.0,5500.0,16500.0,63250.0,16500.0
MAT-0038,4125.0,4125.0,4125.0,4125.0,4125.0,4125.0,4125.0,4125.0,4125.0,4125.0,4125.0,4125.0
MAT-0039,19250.0,19250.0,19250.0,19250.0,19250.0,19250.0,19250.0,19250.0,19250.0,19250.0,19250.0,19250.0
MAT-0040,247500.0,247500.0,247500.0,247500.0,247500.0,247500.0,247500.0,247500.0,247500.0,74250.0,494550.0,74250.0
MAT-0041,0.0,0.0,0.0,0.0,0.0,0.0,0.0,0.0,26100.0,1350.0,1350.0,1350.0
MAT-0042,148500.0,123500.0,96000.0,96000.0,90475.0,90425.0,90425.0,90425.0,90425.0,90425.0,99000.0,99000.0
MAT-0043,24325.0,24325.0,24325.0,24325.0,24325.0,24325.0,24325.0,24325.0,24325.0,24325.0,24325.0,24325.0
MAT-0044,35750.0,35750.0,35750.0,35750.0,5500.0,24750.0,59125.0,59125.0,1375.0,1375.0,35750.0,30250.0
MAT-0045,159.0,309.0,267.0,25.0,100.0,290.0,24.0,24.0,68.0,141.0,141.0,180.0
MAT-0046,35225.0,64625.0,75625.0,425.0,425.0,10975.0,1325.0,425.0,45375.0,500.0,64625.0,62350.0
MAT-0047,100000.0,35000.0,5000.0,100000.0,900.0,5000.0,675.0,650.0,68750.0,86250.0,2450.0,12500.0
MAT-0048,24.0,74.0,72.0,72.0,50.0,111.0,107.0,50.0,50.0,50.0,50.0,50.0
MAT-0049,19200.0,800.0,600.0,148425.0,148425.0,250.0,72875.0,246050.0,1200.0,1200.0,142550.0,142550.0
MAT-0050,2725.0,26175.0,26175.0,177650.0,17825.0,197925.0,1150.0,4400.0,4400.0,2800.0,4400.0,4400.0
MAT-0051,136250.0,112500.0,1050.0,1025.0,22500.0,1000.0,950.0,45000.0,875.0,45000.0,22500.0,1225.0
MAT-0052,8400.0,8400.0,8400.0,8400.0,8400.0,78000.0,7200.0,7200.0,78000.0,78000.0,73200.0,73200.0
MAT-0053,200.0,59075.0,90375.0,263925.0,130625.0,725.0,225.0,170500.0,82500.0,130625.0,62750.0,62225.0
MAT-0054,5000.0,5000.0,5000.0,29550.0,29550.0,28550.0,28550.0,0.0,0.0,0.0,0.0,0.0
MAT-0055,0.0,68650.0,21900.0,42575.0,78375.0,31625.0,88000.0,4125.0,88000.0,4125.0,4125.0,1275.0
MAT-0056,237875.0,177150.0,113900.0,22000.0,74225.0,24750.0,34375.0,24750.0,49500.0,50.0,22725.0,25.0
MAT-0057,33075.0,16575.0,16575.0,189425.0,14700.0,14700.0,14700.0,16075.0,16075.0,9950.0,16075.0,0.0
MAT-0058,1209.0,1209.0,1209.0,1209.0,1209.0,1209.0,1978.0,3000.0,953.0,2451.0,800.0,4836.0
MAT-0059,562.0,562.0,562.0,562.0,562.0,562.0,562.0,562.0,562.0,562.0,562.0,562.0
MAT-0060,41250.0,41250.0,41250.0,41250.0,41250.0,41250.0,41250.0,41250.0,33000.0,38375.0,32325.0,38375.0
MAT-0061,24750.0,24750.0,24750.0,24750.0,24750.0,24750.0,24750.0,24750.0,24750.0,24750.0,24750.0,24750.0
MAT-0062,170500.0,247500.0,247500.0,15100.0,1375.0,24750.0,24750.0,1375.0,225500.0,2725.0,86625.0,2675.0
MAT-0063,8150.0,8150.0,8150.0,8100.0,8100.0,1225.0,1225.0,1225.0,1225.0,1225.0,1225.0,1225.0
MAT-0064,49875.0,250.0,250.0,2100.0,250.0,250.0,250.0,250.0,250.0,250.0,250.0,250.0
MAT-0065,11000.0,28825.0,47450.0,2825.0,11000.0,24750.0,6875.0,46750.0,0.0,74250.0,0.0,875.0
MAT-0066,57600.0,57600.0,57600.0,16500.0,16500.0,16500.0,54400.0,16500.0,16500.0,2150.0,2150.0,2150.0
MAT-0067,24750.0,24750.0,24750.0,24750.0,24750.0,24750.0,24750.0,24750.0,24750.0,24750.0,24750.0,24750.0
MAT-0068,8250.0,24750.0,8250.0,39875.0,24750.0,24750.0,24750.0,24750.0,46750.0,20250.0,31625.0,20250.0
MAT-0069,24750.0,24750.0,24750.0,24750.0,24750.0,24750.0,24750.0,21600.0,9500.0,1100.0,0.0,800.0
MAT-0070,24750.0,24750.0,24750.0,24750.0,24750.0,24750.0,24750.0,24750.0,22750.0,20000.0,20000.0,20000.0
MAT-0071,303875.0,303875.0,303875.0,303875.0,303875.0,303875.0,303875.0,56300.0,56300.0,74225.0,43925.0,24675.0
MAT-0072,4125.0,53625.0,8950.0,42625.0,28850.0,0.0,13750.0,0.0,1350.0,2750.0,13750.0,0.0
MAT-0073,9975.0,9975.0,9975.0,9975.0,9975.0,9975.0,9975.0,9975.0,2625.0,63000.0,39375.0,39375.0
MAT-0074,1100.0,31625.0,30250.0,900.0,12375.0,12375.0,12375.0,12375.0,20625.0,12375.0,12375.0,1375.0
MAT-0075,256775.0,205775.0,154775.0,154775.0,154725.0,154725.0,154725.0,103725.0,103725.0,52725.0,1500.0,1500.0
MAT-0076,2750.0,2750.0,2750.0,5500.0,5500.0,5500.0,5500.0,5500.0,5500.0,5500.0,5500.0,5500.0
MAT-0077,18200.0,18200.0,18200.0,18200.0,18200.0,18200.0,29250.0,29250.0,54600.0,29250.0,10400.0,10400.0
MAT-0078,50575.0,50575.0,50575.0,15100.0,15100.0,34.0,34.0,34.0,15100.0,15100.0,50575.0,31575.0
MAT-0079,1075.0,1075.0,1075.0,1075.0,1075.0,1075.0,1075.0,1075.0,1075.0,1075.0,1075.0,1075.0
MAT-0080,19250.0,19250.0,19250.0,19250.0,19250.0,19250.0,19250.0,19250.0,19250.0,19250.0,19250.0,19250.0
MAT-0081,25500.0,25500.0,25500.0,25500.0,25500.0,25500.0,25500.0,25500.0,25500.0,25500.0,25500.0,25500.0
MAT-0082,11250.0,1125.0,32500.0,11250.0,31175.0,31175.0,3750.0,62500.0,1250.0,63750.0,2500.0,3750.0
MAT-0084,115075.0,1000.0,297800.0,289700.0,98975.0,164450.0,247500.0,613075.0,350050.0,275900.0,325.0,98950.0
MAT-0085,33975.0,15100.0,13375.0,11725.0,81075.0,53625.0,74250.0,20625.0,2075.0,67375.0,17875.0,74250.0
MAT-0086,49500.0,49500.0,49500.0,35750.0,99000.0,28375.0,21500.0,99000.0,875.0,875.0,89375.0,875.0
MAT-0087,24750.0,24750.0,24750.0,24750.0,24750.0,24750.0,24750.0,24750.0,23375.0,27500.0,225500.0,148500.0
MAT-0088,9525.0,9525.0,9525.0,9525.0,9525.0,9525.0,9525.0,9525.0,9525.0,9525.0,9525.0,9525.0
MAT-0089,24750.0,24750.0,24750.0,24375.0,43600.0,68350.0,66975.0,66975.0,42225.0,42225.0,42225.0,44000.0
MAT-0090,346500.0,346500.0,346500.0,346500.0,346500.0,346500.0,346500.0,346500.0,346500.0,346500.0,346500.0,346500.0
MAT-0091,51000.0,51000.0,51000.0,51000.0,51000.0,51000.0,51000.0,60375.0,60375.0,60375.0,60375.0,57200.0
MAT-0092,1375.0,1375.0,1375.0,1375.0,1375.0,1375.0,24750.0,124625.0,1050.0,1050.0,1050.0,19250.0
MAT-0093,24750.0,24750.0,24750.0,24750.0,24750.0,24750.0,24750.0,24750.0,24750.0,24750.0,24750.0,24750.0
MAT-0094,1800.0,1800.0,1800.0,1800.0,1800.0,1800.0,1800.0,1800.0,1800.0,1800.0,1800.0,1800.0
MAT-0095,1685.0,2185.0,7293.0,175.0,125.0,9571.0,1448.0,125.0,125.0,1394.0,1446.0,1852.0
MAT-0096,68675.0,74250.0,1375.0,4125.0,4125.0,74250.0,74250.0,4125.0,74250.0,68675.0,0.0,0.0
MAT-0097,74250.0,750.0,169050.0,0.0,148350.0,600.0,70350.0,225.0,225.0,19250.0,93700.0,19450.0
MAT-0098,43925.0,19175.0,100200.0,10850.0,10850.0,1175.0,1175.0,237875.0,1225.0,1050.0,2750.0,57750.0
MAT-0099,15125.0,83875.0,67325.0,5500.0,15125.0,26125.0,5500.0,8250.0,24750.0,2750.0,1250.0,1450.0
MAT-0100,5143.0,525.0,525.0,1350.0,100.0,1124.0,1891.0,584.0,1350.0,5234.0,1350.0,25.0
MAT-0101,173100.0,173100.0,172950.0,50500.0,41900.0,41900.0,41900.0,49500.0,0.0,24750.0,24375.0,24750.0
MAT-0102,24700.0,24700.0,24700.0,0.0,49400.0,49400.0,49400.0,49400.0,49400.0,49400.0,24700.0,24700.0
MAT-0103,65375.0,40625.0,30325.0,2825.0,2725.0,2525.0,2525.0,2525.0,2525.0,2525.0,2525.0,2525.0
MAT-0104,12375.0,14625.0,9125.0,1375.0,9625.0,9625.0,7250.0,46725.0,37125.0,4400.0,1300.0,175.0
MAT-0105,24750.0,24750.0,6875.0,6875.0,1350.0,15125.0,8250.0,12375.0,3525.0,7950.0,3525.0,6075.0
MAT-0106,12375.0,12375.0,12375.0,38500.0,38500.0,38500.0,31625.0,41250.0,61875.0,38500.0,61875.0,975.0
MAT-0107,36400.0,36400.0,36400.0,36400.0,36400.0,36400.0,36400.0,36400.0,36400.0,24700.0,24700.0,24700.0
MAT-0108,432875.0,432875.0,432875.0,432875.0,432875.0,432875.0,432875.0,432875.0,432875.0,301625.0,176650.0,57750.0
MAT-0109,8250.0,17875.0,8250.0,56375.0,1350.0,2650.0,2650.0,1350.0,2650.0,1350.0,2650.0,23375.0
MAT-0110,32500.0,22500.0,22500.0,5000.0,4950.0,1075.0,1075.0,22500.0,1075.0,33700.0,33700.0,0.0
MAT-0111,2750.0,67175.0,1125.0,63250.0,66000.0,66000.0,50875.0,49500.0,4125.0,22000.0,13750.0,23375.0
MAT-0112,48025.0,20550.0,35750.0,24750.0,125.0,24750.0,57750.0,67375.0,67375.0,12375.0,4100.0,13375.0
MAT-0113,15125.0,2750.0,2750.0,1325.0,3200.0,1750.0,1700.0,1700.0,1700.0,1700.0,42625.0,42625.0
MAT-0114,108850.0,98150.0,93625.0,150.0,78525.0,31925.0,375.0,1500.0,125.0,375.0,1325.0,37375.0
MAT-0115,24725.0,23725.0,20350.0,24750.0,14350.0,14350.0,14350.0,23375.0,23375.0,14350.0,23375.0,23375.0
MAT-0116,24700.0,10100.0,6350.0,6350.0,74225.0,23375.0,1975.0,49500.0,17875.0,19250.0,12375.0,19250.0
MAT-0117,350.0,21300.0,21300.0,0.0,7475.0,7475.0,7475.0,7475.0,7475.0,7475.0,7475.0,7475.0
MAT-0118,24750.0,24750.0,24750.0,24750.0,24750.0,24750.0,24650.0,13650.0,13625.0,10950.0,700.0,198000.0
MAT-0119,1375.0,1375.0,1375.0,1375.0,1375.0,1375.0,1375.0,0.0,0.0,0.0,0.0,0.0
MAT-0120,717200.0,717200.0,717200.0,717200.0,717200.0,717200.0,717200.0,717200.0,717200.0,679475.0,78400.0,310750.0
MAT-0121,4125.0,12375.0,12375.0,20625.0,1350.0,20625.0,1350.0,37125.0,2750.0,24750.0,15125.0,24750.0
MAT-0122,17500.0,1225.0,47500.0,0.0,47475.0,20000.0,19750.0,19750.0,24725.0,12500.0,12450.0,21250.0
MAT-0123,71500.0,48125.0,1200.0,1200.0,1200.0,1200.0,1150.0,1150.0,1150.0,1125.0,1125.0,1125.0
MAT-0124,8250.0,8250.0,8250.0,8250.0,8250.0,8250.0,8250.0,8250.0,8250.0,8250.0,8250.0,8250.0
MAT-0125,325.0,750.0,750.0,3000.0,750.0,750.0,750.0,325.0,750.0,750.0,750.0,750.0
MAT-0126,37975.0,37975.0,37975.0,37975.0,37975.0,37975.0,37975.0,37975.0,37975.0,37975.0,18725.0,18725.0
MAT-0127,12375.0,12375.0,12375.0,12375.0,12375.0,12375.0,12375.0,12375.0,12375.0,12375.0,12375.0,12375.0
MAT-0128,114.0,114.0,114.0,114.0,114.0,114.0,114.0,114.0,14.0,14.0,14.0,14.0
MAT-0129,28875.0,28875.0,28875.0,28875.0,28875.0,28875.0,28875.0,28875.0,28875.0,28875.0,28875.0,28875.0
MAT-0130,71150.0,2400.0,2400.0,65925.0,2400.0,71150.0,71150.0,71150.0,2400.0,2400.0,23225.0,71150.0
MAT-0131,15125.0,11000.0,39875.0,11000.0,1375.0,1375.0,1375.0,1375.0,1375.0,1375.0,1375.0,1375.0
MAT-0132,119.0,119.0,119.0,119.0,119.0,119.0,119.0,119.0,119.0,119.0,119.0,119.0
MAT-0133,24750.0,24750.0,24750.0,24750.0,24750.0,24750.0,24750.0,24750.0,24750.0,24750.0,24750.0,24750.0
MAT-0134,148500.0,148500.0,148500.0,148500.0,148500.0,148500.0,148500.0,148500.0,148500.0,148500.0,148500.0,148500.0
MAT-0135,35750.0,31625.0,13750.0,4125.0,35750.0,11000.0,20625.0,4125.0,20625.0,31625.0,4125.0,0.0
MAT-0136,12375.0,12375.0,12375.0,12375.0,12375.0,12375.0,12375.0,12375.0,12375.0,12375.0,12375.0,12375.0
MAT-0137,45375.0,215775.0,13650.0,25.0,1000.0,1000.0,56375.0,56375.0,750.0,591225.0,566475.0,3250.0
MAT-0138,21400.0,23725.0,23725.0,23725.0,23725.0,23725.0,23725.0,21400.0,21400.0,23725.0,21400.0,21400.0
MAT-0139,7200.0,7200.0,7200.0,7200.0,7200.0,7200.0,7200.0,7200.0,7200.0,7200.0,7200.0,7200.0
MAT-0140,99000.0,99000.0,99000.0,99000.0,99000.0,99000.0,99000.0,99000.0,99000.0,99000.0,99000.0,99000.0
MAT-0141,8534.0,9159.0,9600.0,9761.0,9753.0,9861.0,150850.0,76575.0,10450.0,10450.0,10450.0,10450.0
MAT-0142,146925.0,146875.0,146875.0,254875.0,202475.0,127500.0,235325.0,25475.0,163425.0,51000.0,153000.0,358500.0
MAT-0143,196175.0,27000.0,27000.0,229375.0,178450.0,67000.0,375.0,65175.0,136500.0,234125.0,371825.0,371825.0
MAT-0144,178400.0,450.0,412400.0,95975.0,1350.0,58500.0,40450.0,12750.0,127500.0,51000.0,9075.0,51000.0
MAT-0145,1400.0,1500.0,95925.0,439325.0,96000.0,16500.0,192000.0,263900.0,1500.0,39000.0,274500.0,1150.0
MAT-0146,675.0,0.0,125.0,26125.0,60450.0,140250.0,24675.0,24675.0,200.0,1175.0,13525.0,13525.0
MAT-0147,76500.0,113900.0,76500.0,76500.0,64500.0,375.0,300.0,76500.0,56875.0,35250.0,3600.0,525.0
MAT-0148,65900.0,13700.0,65900.0,41150.0,35650.0,35650.0,8050.0,0.0,0.0,35650.0,1175.0,1175.0
MAT-0149,35200.0,35200.0,35200.0,35200.0,35200.0,35200.0,35200.0,35200.0,35200.0,35200.0,0.0,0.0
MAT-0150,153000.0,49500.0,49500.0,49500.0,49500.0,49500.0,0.0,0.0,0.0,44375.0,15000.0,0.0
MAT-0151,372625.0,3375.0,2000.0,24750.0,98925.0,13875.0,99000.0,100250.0,1250.0,148500.0,1250.0,70650.0
MAT-0152,40950.0,40950.0,40950.0,40950.0,40950.0,40950.0,40950.0,40950.0,40950.0,40950.0,40950.0,40950.0
MAT-0153,0.0,130400.0,0.0,6875.0,475725.0,375.0,350.0,148500.0,350.0,650.0,2750.0,150.0
MAT-0154,8250.0,1250.0,1250.0,8250.0,8250.0,8250.0,23325.0,23325.0,23325.0,23325.0,23325.0,23325.0
MAT-0155,142.0,142.0,142.0,142.0,267.0,302.0,467.0,467.0,467.0,467.0,467.0,467.0
MAT-0156,1250.0,700.0,13675.0,1250.0,23325.0,321750.0,111375.0,2750.0,1375.0,45175.0,37125.0,2575.0
MAT-0157,600.0,100.0,100.0,600.0,600.0,100.0,500.0,500.0,500.0,500.0,500.0,500.0
MAT-0158,177000.0,750.0,750.0,19500.0,50975.0,625.0,24000.0,25375.0,100275.0,25350.0,25.0,25.0
MAT-0159,173975.0,63650.0,173975.0,61925.0,0.0,0.0,25450.0,61850.0,25450.0,25450.0,25450.0,51300.0
MAT-0160,100.0,100.0,100.0,0.0,0.0,0.0,5500.0,0.0,8250.0,21200.0,37125.0,16800.0
MAT-0161,99000.0,99000.0,99000.0,99000.0,99000.0,99000.0,99000.0,0.0,0.0,24525.0,0.0,0.0
MAT-0162,12375.0,12375.0,12375.0,12375.0,12375.0,12375.0,12375.0,41250.0,41250.0,12375.0,24750.0,41250.0
MAT-0163,21925.0,21925.0,16500.0,21925.0,21925.0,46550.0,64100.0,21925.0,21925.0,0.0,21925.0,375.0
MAT-0164,46750.0,24750.0,24750.0,12375.0,12375.0,12375.0,12375.0,72875.0,70125.0,12375.0,49500.0,12325.0
MAT-0165,24750.0,24750.0,24750.0,24750.0,24750.0,4125.0,2700.0,70125.0,11000.0,2750.0,13750.0,23375.0
MAT-0166,5000.0,5000.0,5000.0,5000.0,5000.0,22350.0,5000.0,87400.0,67475.0,120000.0,120000.0,109875.0
MAT-0167,118250.0,118250.0,118250.0,118250.0,118250.0,118250.0,118250.0,23375.0,22000.0,29825.0,5500.0,24750.0
MAT-0168,4125.0,4125.0,4125.0,4125.0,4125.0,4125.0,4125.0,4125.0,4125.0,1350.0,24750.0,44000.0
MAT-0169,153000.0,153000.0,153000.0,153000.0,153000.0,153000.0,153000.0,153000.0,153000.0,153000.0,153000.0,153000.0
MAT-0170,102000.0,102000.0,102000.0,102000.0,102000.0,102000.0,102000.0,102000.0,102000.0,102000.0,102000.0,102000.0
MAT-0171,79750.0,79750.0,79750.0,79750.0,79750.0,79750.0,575.0,45375.0,9625.0,24750.0,19250.0,85250.0
MAT-0172,93500.0,93500.0,93500.0,93500.0,93500.0,93500.0,93500.0,93500.0,93500.0,93500.0,93500.0,49500.0
MAT-0173,49500.0,49500.0,49500.0,49500.0,49500.0,49500.0,49500.0,49500.0,49500.0,49500.0,49500.0,49500.0
MAT-0174,5500.0,23375.0,20875.0,25.0,15375.0,49500.0,11250.0,200.0,200.0,75.0,75.0,75.0
MAT-0175,23350.0,23350.0,23350.0,12225.0,4125.0,31575.0,27350.0,9625.0,30250.0,25.0,5500.0,25.0
MAT-0176,102000.0,25450.0,7450.0,142400.0,142400.0,7300.0,7300.0,25500.0,116900.0,25500.0,25500.0,73500.0
MAT-0177,2500.0,2450.0,2450.0,5825.0,2450.0,2425.0,2425.0,5825.0,5825.0,2425.0,5775.0,2425.0
MAT-0178,2525.0,1950.0,76925.0,1400.0,25500.0,0.0,1250.0,1100.0,1100.0,1000.0,650.0,25475.0
MAT-0179,23375.0,175.0,175.0,23375.0,50.0,50.0,7725.0,23375.0,23375.0,7275.0,23375.0,0.0
MAT-0180,37075.0,36975.0,0.0,0.0,1050.0,1050.0,35825.0,16500.0,1375.0,25400.0,16500.0,7800.0
MAT-0181,0.0,0.0,0.0,0.0,0.0,0.0,0.0,0.0,0.0,0.0,0.0,0.0
MAT-0182,13750.0,13750.0,13750.0,13750.0,12500.0,6250.0,6250.0,7500.0,6250.0,6250.0,6250.0,6250.0
MAT-0183,350.0,350.0,350.0,350.0,675.0,100.0,50.0,100.0,100.0,175.0,175.0,175.0
MAT-0184,667650.0,667650.0,667650.0,667650.0,667650.0,667650.0,667650.0,667650.0,543850.0,359300.0,307050.0,445500.0
MAT-0185,28500.0,28500.0,28500.0,28500.0,28500.0,28500.0,28500.0,28500.0,28500.0,12000.0,102000.0,102000.0
MAT-0186,556525.0,610575.0,610575.0,559575.0,556500.0,559550.0,557600.0,556500.0,556500.0,557200.0,505500.0,552025.0
MAT-0187,147.0,147.0,147.0,147.0,147.0,147.0,150.0,150.0,227.0,212.0,294.0,544.0
MAT-0188,74250.0,74250.0,74250.0,74250.0,74250.0,74100.0,75625.0,57700.0,7750.0,7750.0,925.0,925.0
MAT-0189,5200.0,5200.0,5200.0,5200.0,5200.0,5200.0,5200.0,5200.0,5200.0,5200.0,5200.0,5200.0
MAT-0190,8250.0,8250.0,8250.0,8250.0,8250.0,8250.0,8250.0,8250.0,1150.0,500.0,57750.0,17875.0
MAT-0191,325.0,325.0,325.0,325.0,325.0,325.0,325.0,325.0,325.0,325.0,325.0,750.0
MAT-0192,85250.0,60500.0,48125.0,23375.0,23375.0,23375.0,23375.0,23375.0,23375.0,23375.0,23375.0,23375.0
MAT-0193,67320.0,44880.0,89760.0,89760.0,89760.0,67359.0,40800.0,33320.0,89760.0,22440.0,22440.0,66640.0
MAT-0194,194.0,319.0,451.0,5425.0,5425.0,97.0,169.0,256.0,38.0,101.0,5425.0,310.0
MAT-0195,54950.0,48075.0,49375.0,9625.0,49375.0,9625.0,49375.0,1325.0,44000.0,0.0,0.0,0.0
MAT-0196,104950.0,104950.0,104950.0,104950.0,3750.0,33675.0,1075.0,1250.0,1250.0,3750.0,80000.0,2500.0
MAT-0197,1500.0,1500.0,0.0,15000.0,25500.0,0.0,15000.0,0.0,12000.0,0.0,2900.0,0.0
MAT-0198,73575.0,55000.0,79750.0,6275.0,6275.0,5500.0,26125.0,46750.0,33725.0,142525.0,9725.0,9725.0
MAT-0199,7369.0,125.0,675.0,775.0,525.0,675.0,3917.0,6610.0,1170.0,1475.0,650.0,675.0
MAT-0200,600.0,600.0,600.0,600.0,600.0,600.0,600.0,600.0,600.0,600.0,600.0,600.0
MAT-0201,89925.0,266925.0,100.0,89925.0,157500.0,89925.0,31575.0,108000.0,1500.0,108000.0,108000.0,4500.0
MAT-0202,1300.0,35750.0,8225.0,15125.0,74250.0,4100.0,1125.0,1125.0,1125.0,46000.0,46000.0,39125.0
MAT-0203,1375.0,1375.0,1375.0,1375.0,1375.0,1375.0,1375.0,1375.0,1375.0,1375.0,1375.0,1375.0
MAT-0204,600.0,9600.0,9600.0,600.0,600.0,600.0,9600.0,9600.0,600.0,600.0,600.0,600.0
MAT-0205,386.0,686.0,626.0,924.0,972.0,57.0,157.0,157.0,157.0,157.0,157.0,157.0
MAT-0206,74800.0,875.0,375.0,225.0,123525.0,49725.0,100.0,21250.0,650.0,86000.0,174900.0,173750.0
MAT-0207,20625.0,22000.0,20625.0,17875.0,19200.0,20625.0,9850.0,74150.0,9425.0,19200.0,1275.0,24750.0
MAT-0208,1375.0,1375.0,1375.0,1375.0,1375.0,1375.0,0.0,0.0,0.0,0.0,0.0,0.0
MAT-0209,100.0,100.0,100.0,100.0,100.0,100.0,100.0,0.0,0.0,0.0,0.0,0.0
MAT-0210,34375.0,8250.0,1375.0,1350.0,1350.0,38500.0,2750.0,2700.0,1250.0,24750.0,1350.0,4125.0
MAT-0211,24750.0,24750.0,15125.0,59125.0,24750.0,86625.0,23750.0,61875.0,61875.0,86625.0,46700.0,61875.0
MAT-0212,211750.0,211750.0,211750.0,211750.0,211750.0,211750.0,211750.0,211750.0,211750.0,49500.0,965250.0,965250.0
MAT-0213,74100.0,48125.0,74100.0,100.0,74100.0,74100.0,48100.0,74100.0,48100.0,74100.0,74100.0,74100.0
MAT-0214,5000.0,25.0,5000.0,50.0,206.0,47.0,144.0,230.0,333.0,464.0,513.0,535.0
MAT-0215,24700.0,24700.0,24700.0,1225.0,1225.0,1225.0,6475.0,1225.0,1225.0,1225.0,1225.0,1225.0
MAT-0216,17876.0,644.0,644.0,0.0,0.0,0.0,0.0,0.0,0.0,0.0,0.0,0.0
MAT-0217,101250.0,153700.0,153300.0,101250.0,153275.0,153250.0,150200.0,101100.0,101100.0,12000.0,12000.0,12000.0
MAT-0218,61875.0,37125.0,11750.0,6075.0,750.0,750.0,750.0,775.0,6875.0,750.0,5500.0,500.0
MAT-0219,20.0,20.0,20.0,20.0,20.0,20.0,20.0,20.0,20.0,20.0,20.0,20.0
MAT-0220,297000.0,297000.0,297000.0,297000.0,297000.0,297000.0,297000.0,297000.0,297000.0,297000.0,297000.0,297000.0
MAT-0221,6250.0,37500.0,37500.0,1175.0,21250.0,13750.0,61150.0,7500.0,1250.0,1250.0,22475.0,32500.0
MAT-0222,67375.0,67375.0,67375.0,4125.0,2750.0,2750.0,2750.0,2750.0,2750.0,2750.0,2750.0,2750.0
MAT-0223,200.0,200.0,200.0,200.0,200.0,50.0,50.0,50.0,50.0,50.0,50.0,50.0
MAT-0224,49500.0,49500.0,49500.0,49500.0,9625.0,49500.0,42625.0,42625.0,42625.0,750.0,17875.0,5500.0
MAT-0225,68750.0,68750.0,68750.0,68750.0,68750.0,68750.0,93500.0,79750.0,24750.0,24750.0,74250.0,24750.0
MAT-0226,88000.0,88000.0,88000.0,88000.0,88000.0,88000.0,88000.0,35750.0,75025.0,24750.0,31625.0,61275.0
MAT-0227,24750.0,24750.0,24750.0,24750.0,24750.0,24750.0,24750.0,24750.0,24750.0,24750.0,86625.0,24750.0
MAT-0228,77000.0,2750.0,25.0,24750.0,129250.0,24725.0,93500.0,44000.0,19250.0,19250.0,19250.0,24750.0
MAT-0229,46750.0,1125.0,33000.0,87950.0,50.0,1225.0,17875.0,425.0,1200.0,875.0,1375.0,72875.0
MAT-0230,189050.0,189050.0,90050.0,40550.0,40550.0,40550.0,12325.0,12325.0,12325.0,12325.0,12325.0,12325.0
MAT-0231,12375.0,12375.0,12375.0,12375.0,11000.0,5350.0,5500.0,625.0,25.0,25.0,25.0,25.0
MAT-0232,49500.0,49500.0,49500.0,49500.0,49500.0,49500.0,49500.0,125125.0,125125.0,139900.0,192450.0,11475.0
MAT-0233,525.0,3000.0,325.0,204000.0,255000.0,75.0,0.0,153000.0,152975.0,150.0,2975.0,0.0
MAT-0234,6875.0,22000.0,82425.0,4125.0,500.0,50.0,25300.0,26125.0,68750.0,1250.0,12375.0,15125.0
MAT-0235,725.0,725.0,300.0,0.0,0.0,0.0,0.0,0.0,0.0,0.0,0.0,25.0
MAT-0236,75.0,75.0,75075.0,66525.0,450.0,450.0,450.0,250.0,250.0,250.0,225.0,200.0
MAT-0237,81125.0,13700.0,13225.0,68750.0,86625.0,66000.0,9775.0,78200.0,79750.0,22000.0,77000.0,15125.0
MAT-0238,0.0,0.0,0.0,0.0,0.0,0.0,0.0,0.0,0.0,0.0,0.0,0.0
MAT-0239,24750.0,24750.0,24750.0,24750.0,24750.0,24750.0,24750.0,24750.0,24750.0,24750.0,20625.0,49500.0
MAT-0240,13500.0,13500.0,13500.0,13500.0,13500.0,13500.0,13500.0,13500.0,13500.0,13500.0,13500.0,13500.0
MAT-0241,3600.0,3600.0,3600.0,2225.0,2225.0,2225.0,2225.0,2225.0,2225.0,2225.0,2225.0,2225.0
MAT-0242,825.0,50.0,50.0,50.0,50.0,50.0,50.0,50.0,50.0,50.0,50.0,50.0
MAT-0243,58100.0,33350.0,8600.0,6875.0,7075.0,975.0,57675.0,17875.0,13750.0,83875.0,89375.0,90750.0
MAT-0244,77000.0,77000.0,77000.0,77000.0,77000.0,77000.0,77000.0,77000.0,77000.0,77000.0,77000.0,52250.0
MAT-0245,0.0,0.0,0.0,0.0,0.0,0.0,0.0,0.0,0.0,0.0,0.0,0.0
MAT-0246,22200.0,200.0,200.0,200.0,30250.0,30250.0,22000.0,13750.0,900.0,900.0,28875.0,67375.0
MAT-0247,25.0,24750.0,45375.0,75.0,163625.0,163600.0,28875.0,2700.0,50.0,1350.0,4125.0,74250.0
MAT-0248,3625.0,3625.0,3625.0,4975.0,3625.0,3625.0,3625.0,3625.0,3625.0,3625.0,3625.0,3625.0
MAT-0249,1150.0,1150.0,1150.0,1150.0,1150.0,1150.0,1150.0,1150.0,1150.0,1150.0,1150.0,1150.0
MAT-0250,8250.0,8250.0,8250.0,11875.0,250.0,250.0,250.0,9625.0,68725.0,19250.0,15125.0,2725.0
MAT-0251,0.0,0.0,0.0,0.0,0.0,0.0,0.0,0.0,0.0,0.0,0.0,0.0
MAT-0252,2750.0,50.0,50.0,50.0,23375.0,23375.0,23375.0,23375.0,23375.0,23375.0,23375.0,23375.0
MAT-0253,50.0,50.0,50.0,50.0,25.0,75.0,175.0,175.0,200.0,200.0,200.0,200.0
MAT-0254,17800.0,17800.0,17800.0,17800.0,17800.0,17800.0,17800.0,105050.0,172450.0,172450.0,166925.0,166925.0
MAT-0255,47725.0,47725.0,47725.0,47725.0,47725.0,47725.0,47725.0,47725.0,47725.0,47725.0,32925.0,15125.0
MAT-0256,98850.0,98850.0,98850.0,98850.0,98850.0,98850.0,98825.0,74075.0,24550.0,49300.0,98875.0,97500.0
MAT-0257,4775.0,4775.0,4775.0,1300.0,175.0,75.0,220.0,287.0,190.0,286.0,900.0,309.0
MAT-0258,11187.0,12462.0,9625.0,43725.0,25.0,1357.0,2113.0,325.0,1275.0,814.0,26125.0,1243.0
MAT-0259,45000.0,5500.0,45000.0,44950.0,500.0,6250.0,6250.0,6250.0,6250.0,6250.0,6250.0,6250.0
MAT-0260,2400.0,2400.0,2400.0,4200.0,4200.0,1800.0,1800.0,4200.0,4200.0,600.0,4200.0,600.0
MAT-0261,178500.0,0.0,50.0,0.0,76425.0,0.0,100.0,178400.0,316425.0,0.0,93000.0,0.0
MAT-0262,49500.0,49500.0,49500.0,49500.0,49500.0,49500.0,49500.0,49500.0,49500.0,0.0,0.0,0.0
MAT-0263,1325.0,1325.0,1325.0,1325.0,900.0,900.0,900.0,12375.0,12375.0,900.0,12375.0,900.0
MAT-0264,130575.0,148500.0,550.0,550.0,97500.0,150.0,445500.0,300.0,0.0,0.0,1375.0,1375.0
MAT-0265,0.0,100.0,100.0,56375.0,56375.0,297000.0,150.0,272225.0,23900.0,494950.0,24750.0,150650.0
MAT-0266,98700.0,73950.0,120850.0,21850.0,123475.0,175.0,11800.0,24725.0,53025.0,775.0,74250.0,2750.0
MAT-0267,9400.0,9400.0,9400.0,445450.0,285650.0,233750.0,72875.0,99000.0,174575.0,16875.0,99000.0,2750.0
MAT-0268,22500.0,22500.0,0.0,287825.0,0.0,102000.0,19500.0,178500.0,1325.0,800.0,205475.0,0.0
MAT-0269,1200.0,12375.0,1200.0,1325.0,5500.0,5500.0,9625.0,2750.0,2750.0,2750.0,2750.0,2750.0
MAT-0270,76500.0,275.0,200.0,232375.0,25.0,25.0,1500.0,280475.0,279075.0,279075.0,279075.0,177050.0
MAT-0271,600.0,600.0,600.0,4125.0,600.0,600.0,600.0,42575.0,91700.0,600.0,42575.0,42575.0
MAT-0272,24.0,24.0,24.0,200.0,25.0,250.0,50.0,66.0,250.0,48.0,173.0,211.0
MAT-0273,24750.0,49500.0,55000.0,25825.0,24750.0,33000.0,33000.0,11000.0,74250.0,33000.0,35750.0,33000.0
MAT-0274,19250.0,66000.0,66000.0,65500.0,65500.0,65500.0,65500.0,65500.0,65500.0,65500.0,65500.0,65500.0
MAT-0275,88000.0,88000.0,88000.0,88000.0,88000.0,88000.0,88000.0,45375.0,30250.0,1375.0,1375.0,1375.0
MAT-0276,49400.0,24650.0,71500.0,4125.0,71500.0,1075.0,5500.0,4125.0,4125.0,75.0,4125.0,1200.0
MAT-0277,51925.0,51925.0,51900.0,51900.0,51900.0,51900.0,51900.0,51900.0,51900.0,51900.0,51900.0,51900.0
MAT-0278,21800.0,21800.0,21800.0,21800.0,21800.0,21800.0,21800.0,21800.0,21800.0,21800.0,21800.0,21800.0
MAT-0279,1654.0,1704.0,5204.0,5944.0,8574.0,8577.0,294.0,424.0,675.0,812.0,1032.0,675.0
MAT-0280,37.0,87.0,540.0,533.0,566.0,892.0,400.0,400.0,11.0,11.0,11.0,11.0
MAT-0281,22500.0,6050.0,22500.0,0.0,0.0,0.0,0.0,157475.0,164900.0,136250.0,164900.0,164900.0
MAT-0282,50.0,50.0,47.0,47.0,47.0,43.0,71.0,71.0,50.0,315.0,339.0,339.0
MAT-0283,6013.0,6013.0,6013.0,179.0,1200.0,8286.0,8286.0,1200.0,310.0,310.0,310.0,310.0
MAT-0284,41250.0,41250.0,41250.0,41250.0,41250.0,41250.0,18750.0,11250.0,11200.0,11125.0,11125.0,11025.0
MAT-0285,72875.0,72875.0,72875.0,72875.0,72875.0,90750.0,61875.0,4125.0,24750.0,24750.0,24750.0,24750.0
MAT-0286,22500.0,22500.0,22500.0,22500.0,22500.0,22500.0,22500.0,22500.0,22500.0,22500.0,49500.0,15000.0
MAT-0287,1325.0,1325.0,1325.0,1325.0,1325.0,1325.0,1325.0,1325.0,1325.0,1325.0,1325.0,725.0
MAT-0288,23375.0,23375.0,23375.0,23375.0,23375.0,23375.0,23375.0,23375.0,23375.0,23375.0,23375.0,23375.0
MAT-0289,49500.0,49500.0,49500.0,49500.0,49500.0,49500.0,49500.0,49500.0,49500.0,49500.0,49500.0,49500.0
MAT-0290,24700.0,24700.0,24700.0,24700.0,24700.0,24700.0,24700.0,24700.0,24700.0,24700.0,24700.0,24700.0
MAT-0291,2750.0,2750.0,2750.0,2750.0,2750.0,2750.0,22000.0,22000.0,850.0,22000.0,22000.0,21700.0
MAT-0292,71500.0,33000.0,33000.0,24750.0,33000.0,33000.0,33000.0,8250.0,68650.0,63150.0,63150.0,63150.0
MAT-0294,1199.0,1199.0,1199.0,1199.0,1199.0,1199.0,1800.0,1800.0,1800.0,1800.0,1800.0,1800.0
MAT-0295,31625.0,34650.0,27500.0,31625.0,27500.0,27500.0,31625.0,61875.0,6850.0,27150.0,61875.0,2750.0
MAT-0296,24750.0,24750.0,24750.0,24750.0,24750.0,24750.0,24750.0,74200.0,1375.0,24750.0,35700.0,24750.0
MAT-0297,0.0,0.0,0.0,0.0,0.0,0.0,0.0,0.0,0.0,0.0,0.0,0.0
MAT-0298,0.0,0.0,0.0,0.0,0.0,0.0,0.0,0.0,0.0,0.0,0.0,0.0
MAT-0299,2750.0,2750.0,2750.0,2750.0,2750.0,2750.0,2750.0,2750.0,2750.0,2750.0,500.0,1325.0
MAT-0300,1300.0,1300.0,1300.0,1300.0,1300.0,1300.0,1300.0,1300.0,1300.0,1300.0,1300.0,1300.0
MAT-0301,24750.0,41250.0,41250.0,41250.0,5500.0,41250.0,33000.0,13725.0,49500.0,49500.0,17875.0,11000.0
MAT-0302,23225.0,3975.0,74250.0,100.0,24750.0,24750.0,39875.0,49500.0,37125.0,20625.0,1375.0,425.0
MAT-0303,13750.0,3400.0,15000.0,25.0,73675.0,1000.0,600.0,600.0,8600.0,67075.0,1000.0,0.0
MAT-0304,1000.0,20000.0,1250.0,22500.0,1250.0,975.0,975.0,975.0,975.0,975.0,975.0,975.0
MAT-0305,4125.0,15125.0,24750.0,50875.0,15125.0,11000.0,12350.0,13750.0,1350.0,1350.0,1350.0,1350.0
MAT-0306,8250.0,8250.0,8250.0,8250.0,8250.0,8250.0,8250.0,8250.0,8250.0,8250.0,8250.0,8250.0
MAT-0307,227975.0,227975.0,227975.0,227975.0,227975.0,227900.0,530425.0,266400.0,516925.0,284325.0,516875.0,23550.0
MAT-0308,42575.0,42575.0,31575.0,27450.0,6850.0,70125.0,500.0,69500.0,36500.0,9000.0,9000.0,9000.0
MAT-0309,49500.0,49500.0,24750.0,20625.0,83875.0,35750.0,70125.0,35750.0,70125.0,70125.0,70125.0,70125.0
MAT-0310,1683000.0,1683000.0,1683000.0,1683000.0,1683000.0,1683000.0,1683000.0,1683000.0,1683000.0,1683000.0,1682625.0,1657875.0
MAT-0311,5807.0,9432.0,11013.0,12811.0,14631.0,15546.0,15946.0,15946.0,15946.0,15946.0,15946.0,15946.0
MAT-0312,975.0,975.0,0.0,0.0,0.0,25500.0,0.0,25500.0,25500.0,25500.0,25500.0,0.0
MAT-0313,1000.0,1500.0,750.0,750.0,51000.0,153000.0,1125.0,1125.0,19500.0,0.0,0.0,0.0
MAT-0314,437825.0,700.0,1200.0,175375.0,127500.0,51000.0,125.0,186125.0,45000.0,53950.0,295375.0,23750.0
MAT-0315,31625.0,31625.0,31625.0,31625.0,31625.0,31625.0,24750.0,83875.0,4125.0,5500.0,9600.0,9600.0
MAT-0316,148500.0,64075.0,148400.0,96375.0,50.0,10700.0,1050.0,108625.0,1050.0,52225.0,50850.0,700.0
MAT-0317,500.0,325.0,93350.0,147225.0,148425.0,147225.0,24750.0,9725.0,950.0,9725.0,9725.0,16500.0
MAT-0318,197925.0,1125.0,296875.0,825.0,46625.0,650.0,25.0,25.0,300.0,379475.0,664050.0,489350.0
MAT-0319,206150.0,550.0,300.0,10850.0,0.0,5300.0,200.0,300.0,3900.0,98975.0,126450.0,975.0
MAT-0320,16200.0,725.0,725.0,700.0,24750.0,725.0,725.0,19250.0,26125.0,725.0,1175.0,90750.0
MAT-0321,247500.0,925.0,550.0,148100.0,769775.0,296750.0,155125.0,325.0,75.0,23100.0,20300.0,20225.0
MAT-0322,24675.0,775.0,775.0,23250.0,99000.0,371225.0,123750.0,24750.0,1350.0,1350.0,1350.0,1350.0
MAT-0323,25500.0,133500.0,1425.0,25475.0,76400.0,575.0,100.0,25475.0,0.0,0.0,0.0,0.0
MAT-0324,203550.0,203550.0,203550.0,203550.0,203550.0,925.0,183150.0,156200.0,156200.0,115050.0,115000.0,92525.0
MAT-0325,109525.0,84425.0,100.0,45375.0,148500.0,700.0,396000.0,148325.0,123675.0,350.0,80850.0,13750.0
MAT-0326,41175.0,0.0,40950.0,42525.0,40950.0,17775.0,40950.0,40950.0,17750.0,40950.0,40950.0,10650.0
MAT-0327,22525.0,27500.0,20200.0,49500.0,20625.0,2750.0,9625.0,15125.0,2725.0,24225.0,11000.0,44000.0
MAT-0328,1325.0,437825.0,236875.0,236875.0,215925.0,205500.0,76500.0,424325.0,75000.0,7500.0,7500.0,7500.0
MAT-0329,24375.0,24300.0,24300.0,24300.0,22800.0,22775.0,22775.0,22775.0,22775.0,22775.0,22775.0,675.0
MAT-0330,24350.0,24275.0,24275.0,24275.0,24275.0,24275.0,24275.0,24275.0,24275.0,24275.0,24275.0,24275.0
MAT-0331,12.0,12.0,12.0,12.0,12.0,12.0,12.0,12.0,12.0,12.0,12.0,12.0
MAT-0332,72425.0,6250.0,49825.0,550.0,102500.0,3750.0,102400.0,99875.0,1100.0,1100.0,1250.0,101100.0
MAT-0333,10000.0,0.0,10000.0,0.0,0.0,0.0,0.0,45000.0,0.0,32500.0,75.0,3750.0
MAT-0334,49450.0,49450.0,49450.0,46075.0,45075.0,43700.0,43600.0,43600.0,40075.0,38100.0,37800.0,15125.0
MAT-0335,25.0,2750.0,46750.0,68750.0,6850.0,71500.0,93500.0,125.0,24750.0,9625.0,92125.0,93500.0
MAT-0336,4125.0,11000.0,1150.0,75.0,6875.0,6875.0,6875.0,2750.0,49500.0,24750.0,24750.0,24750.0
MAT-0337,1000.0,1000.0,1000.0,1000.0,1000.0,1000.0,1000.0,1000.0,1000.0,1000.0,1000.0,1000.0
MAT-0338,36000.0,10500.0,10500.0,19075.0,8975.0,8750.0,8750.0,7025.0,7025.0,7125.0,153000.0,75.0
MAT-0339,25500.0,475.0,24000.0,11900.0,20725.0,14550.0,5525.0,25500.0,15000.0,9500.0,25475.0,0.0
MAT-0340,1300.0,68550.0,86550.0,75925.0,86550.0,550.0,24750.0,49475.0,127800.0,64625.0,8175.0,32575.0
MAT-0341,66000.0,66000.0,66000.0,66000.0,66000.0,66000.0,66000.0,5500.0,86550.0,89375.0,800.0,800.0
MAT-0342,148500.0,148500.0,148500.0,148500.0,148500.0,148500.0,148500.0,148500.0,148500.0,148500.0,148500.0,148500.0
MAT-0343,49000.0,49000.0,49000.0,49000.0,49000.0,49000.0,49000.0,49000.0,49000.0,49000.0,49000.0,49000.0
MAT-0344,1375.0,27500.0,1375.0,1325.0,1325.0,41250.0,24750.0,24750.0,24750.0,27500.0,1325.0,24750.0
MAT-0345,25.0,3750.0,40000.0,60000.0,39900.0,0.0,63725.0,22425.0,34825.0,0.0,7475.0,50.0
MAT-0346,825.0,123750.0,99000.0,25.0,9625.0,9625.0,9625.0,9625.0,178550.0,210275.0,1275.0,110000.0
MAT-0347,49500.0,49500.0,49500.0,49500.0,49500.0,49500.0,49500.0,49500.0,49500.0,49500.0,49500.0,49500.0
MAT-0348,510000.0,510000.0,510000.0,510000.0,510000.0,510000.0,510000.0,510000.0,510000.0,510000.0,510000.0,510000.0
MAT-0349,9625.0,24750.0,88000.0,88000.0,88000.0,60500.0,35650.0,1275.0,48125.0,23375.0,1275.0,1275.0
MAT-0350,1075.0,1075.0,1050.0,0.0,25325.0,0.0,0.0,0.0,0.0,0.0,0.0,0.0
MAT-0351,6825.0,4125.0,21800.0,20600.0,1375.0,6825.0,86625.0,0.0,20600.0,5500.0,74100.0,1350.0
MAT-0352,16500.0,2025.0,2025.0,15125.0,15125.0,650.0,15125.0,11000.0,625.0,11000.0,600.0,600.0
MAT-0353,374975.0,319000.0,296900.0,148200.0,296900.0,875.0,875.0,129150.0,500.0,9625.0,9350.0,99000.0
MAT-0354,48125.0,49300.0,22000.0,475.0,275.0,9625.0,49500.0,28775.0,16500.0,19175.0,4125.0,16500.0
MAT-0355,19250.0,12375.0,19250.0,19250.0,19250.0,27450.0,6875.0,12375.0,1350.0,5500.0,12375.0,12375.0
MAT-0356,1250.0,975.0,9600.0,5500.0,1150.0,30250.0,20575.0,17375.0,9125.0,125.0,17875.0,22000.0
MAT-0357,11675.0,9625.0,62350.0,11525.0,59250.0,23875.0,23075.0,9600.0,6850.0,14325.0,5025.0,14025.0
MAT-0358,1150.0,1150.0,1150.0,0.0,0.0,300.0,25500.0,25475.0,0.0,0.0,0.0,0.0
MAT-0359,34375.0,34375.0,24750.0,9625.0,9600.0,4100.0,4100.0,4100.0,4100.0,4100.0,4100.0,4100.0
MAT-0360,1.0,1.0,1.0,1.0,1.0,1.0,1.0,1.0,51.0,51.0,51.0,51.0
MAT-0361,60000.0,60000.0,60000.0,60000.0,60000.0,60000.0,60000.0,60000.0,60000.0,12000.0,12000.0,12000.0
MAT-0362,1300.0,0.0,1300.0,0.0,0.0,0.0,0.0,0.0,0.0,0.0,0.0,0.0
MAT-0363,70125.0,70125.0,70125.0,70125.0,70125.0,70125.0,70125.0,70125.0,70125.0,24750.0,700.0,37050.0
MAT-0364,5500.0,5500.0,5500.0,5500.0,13750.0,13750.0,9625.0,9625.0,11000.0,11000.0,11000.0,19250.0
MAT-0365,2500.0,2500.0,1025.0,1025.0,1025.0,1025.0,5000.0,10000.0,1025.0,3525.0,3500.0,25.0
MAT-0366,22500.0,23750.0,3750.0,3750.0,13750.0,3750.0,17500.0,12500.0,5000.0,2500.0,1250.0,21250.0
MAT-0367,24750.0,24750.0,12375.0,31250.0,24375.0,24750.0,24750.0,10975.0,1300.0,24250.0,35550.0,16000.0
MAT-0368,4125.0,4125.0,4125.0,4125.0,4125.0,4125.0,4125.0,4125.0,4125.0,1375.0,1375.0,46750.0
MAT-0369,725.0,725.0,725.0,725.0,725.0,725.0,725.0,725.0,725.0,725.0,725.0,725.0
MAT-0370,0.0,0.0,0.0,0.0,0.0,0.0,0.0,0.0,0.0,0.0,0.0,0.0
MAT-0371,75750.0,56250.0,43500.0,43500.0,56250.0,56250.0,56250.0,71250.0,43500.0,56250.0,43500.0,55500.0
MAT-0372,0.0,24750.0,43725.0,45375.0,45375.0,45375.0,45375.0,45375.0,45375.0,45375.0,45375.0,45375.0
MAT-0373,48075.0,50.0,2625.0,1325.0,2550.0,2550.0,2550.0,725.0,0.0,9050.0,0.0,8150.0
MAT-0374,23350.0,1000.0,950.0,1375.0,4125.0,23375.0,325.0,0.0,23375.0,1300.0,0.0,59600.0
MAT-0375,51000.0,125.0,0.0,50850.0,0.0,0.0,0.0,0.0,0.0,0.0,0.0,0.0
MAT-0376,1175.0,1175.0,975.0,1500.0,24000.0,1475.0,575.0,286300.0,24000.0,0.0,23700.0,0.0
MAT-0377,1100.0,98900.0,1325.0,1100.0,1100.0,0.0,1300.0,1300.0,0.0,0.0,0.0,0.0
MAT-0378,55000.0,1075.0,12375.0,12375.0,65950.0,82450.0,225.0,65950.0,4075.0,2750.0,79625.0,2750.0
MAT-0379,0.0,25.0,25.0,484000.0,56375.0,397375.0,148500.0,148500.0,300.0,272175.0,50.0,50.0
MAT-0380,525.0,275.0,15125.0,24750.0,24750.0,19250.0,800.0,24750.0,24750.0,24750.0,2750.0,2750.0
MAT-0381,286000.0,49400.0,49300.0,9600.0,48950.0,48950.0,37950.0,5375.0,1175.0,74250.0,17875.0,74250.0
MAT-0382,148400.0,0.0,0.0,148500.0,573300.0,99000.0,99000.0,2750.0,1375.0,148425.0,1300.0,23375.0
MAT-0383,0.0,0.0,0.0,8175.0,12375.0,8175.0,0.0,10825.0,10825.0,10825.0,10825.0,10825.0
MAT-0384,24750.0,148425.0,296875.0,123675.0,123675.0,74200.0,74200.0,9625.0,4125.0,1250.0,800.0,1325.0
MAT-0385,650.0,650.0,650.0,3425.0,650.0,650.0,650.0,4125.0,3425.0,650.0,4125.0,3425.0
MAT-0386,13750.0,15125.0,57750.0,6825.0,23375.0,90675.0,46750.0,6825.0,4075.0,24750.0,4075.0,64625.0
MAT-0387,18850.0,1950.0,18850.0,1950.0,18850.0,1950.0,18850.0,18850.0,1950.0,1950.0,18850.0,1950.0
MAT-0388,0.0,0.0,49500.0,445425.0,519675.0,477050.0,56350.0,8050.0,8050.0,1175.0,1175.0,1175.0
MAT-0389,1125.0,475.0,1375.0,211450.0,1500.0,171000.0,181500.0,172500.0,172500.0,19500.0,19500.0,40500.0
MAT-0390,825.0,33950.0,23375.0,125.0,625.0,400.0,24750.0,1200.0,175.0,175.0,1350.0,74250.0
MAT-0391,24700.0,24700.0,24700.0,24700.0,19200.0,19025.0,18325.0,0.0,0.0,0.0,0.0,0.0
MAT-0392,22000.0,22000.0,22000.0,9000.0,7625.0,24750.0,24750.0,74250.0,24150.0,24150.0,24150.0,24150.0
MAT-0393,19250.0,19250.0,19250.0,19250.0,19250.0,49475.0,49475.0,23375.0,23375.0,67450.0,23375.0,24750.0
MAT-0394,24750.0,24750.0,24750.0,24750.0,24750.0,24750.0,24750.0,247425.0,1300.0,24750.0,24750.0,24750.0
MAT-0395,148500.0,1300.0,25.0,25.0,6775.0,60500.0,6775.0,60500.0,49500.0,1375.0,34375.0,34375.0
MAT-0396,24725.0,64125.0,0.0,0.0,42550.0,24750.0,24750.0,24750.0,24750.0,24750.0,24750.0,24750.0
MAT-0397,3000.0,22150.0,2900.0,47325.0,2850.0,2750.0,21550.0,144000.0,47300.0,21325.0,144000.0,19675.0
MAT-0398,1350.0,43975.0,50550.0,825.0,125.0,1333.0,3715.0,1350.0,1000.0,6285.0,1325.0,9761.0
MAT-0399,24750.0,24750.0,24750.0,24750.0,24750.0,24750.0,24750.0,13750.0,600.0,600.0,600.0,24750.0
MAT-0400,10625.0,10625.0,10625.0,10625.0,10625.0,10625.0,22000.0,0.0,2750.0,21450.0,21450.0,21450.0
MAT-0401,669.0,669.0,669.0,669.0,669.0,669.0,669.0,669.0,669.0,669.0,669.0,669.0
MAT-0402,49475.0,49475.0,49475.0,49475.0,49475.0,49475.0,49475.0,49475.0,47450.0,19200.0,213100.0,450.0
MAT-0403,0.0,0.0,0.0,4850.0,79500.0,3000.0,3000.0,25475.0,25475.0,25425.0,25425.0,25425.0
MAT-0404,49500.0,49500.0,49500.0,49500.0,49500.0,64625.0,24750.0,34375.0,20575.0,20575.0,20575.0,20575.0
MAT-0406,5500.0,5500.0,19250.0,5425.0,19250.0,5425.0,5425.0,1300.0,1300.0,1300.0,1300.0,1300.0
MAT-0407,75.0,75.0,75.0,75.0,75.0,75.0,75.0,75.0,75.0,75.0,75.0,75.0
MAT-0408,13750.0,13750.0,13750.0,13750.0,13750.0,13750.0,13750.0,13750.0,13750.0,13750.0,13750.0,13750.0
MAT-0409,1275.0,1275.0,1275.0,1275.0,1275.0,1275.0,1275.0,1275.0,1275.0,1275.0,1275.0,1325.0
MAT-0410,39875.0,19250.0,59125.0,13750.0,19250.0,19250.0,19250.0,19250.0,75.0,1325.0,1325.0,1325.0
MAT-0411,6875.0,6875.0,6875.0,6875.0,6875.0,67375.0,67375.0,24750.0,24750.0,11000.0,11000.0,11000.0
MAT-0412,7200.0,7200.0,7200.0,7200.0,7200.0,7200.0,7200.0,7200.0,7200.0,7200.0,7200.0,7200.0
MAT-0413,43400.0,9575.0,73125.0,44000.0,11000.0,2625.0,81125.0,1350.0,25.0,10575.0,57750.0,1325.0
MAT-0414,2400.0,2400.0,2400.0,2400.0,2400.0,2400.0,2400.0,2400.0,2400.0,2400.0,2400.0,2400.0
MAT-0415,24750.0,1075.0,1075.0,1375.0,225475.0,196625.0,173075.0,24750.0,1325.0,47525.0,1375.0,775.0
MAT-0416,1340200.0,23225.0,296775.0,671450.0,151000.0,225.0,148500.0,15125.0,3150.0,725.0,15125.0,49475.0
MAT-0417,37050.0,37050.0,37050.0,37050.0,37050.0,37050.0,650.0,650.0,30550.0,30550.0,30550.0,650.0
MAT-0418,1375.0,1375.0,1375.0,1375.0,1375.0,1375.0,0.0,0.0,0.0,0.0,0.0,0.0
MAT-0419,20625.0,24750.0,4125.0,45375.0,20575.0,24750.0,20625.0,4125.0,24750.0,0.0,44000.0,39875.0
MAT-0420,4075.0,4075.0,4075.0,4075.0,4075.0,4075.0,4075.0,4075.0,4075.0,4075.0,4075.0,4075.0
MAT-0421,1300.0,1350.0,50875.0,50875.0,50875.0,50875.0,50875.0,50875.0,50875.0,50875.0,50875.0,50875.0
MAT-0422,4100.0,4100.0,4100.0,4100.0,4100.0,4100.0,4100.0,4100.0,4100.0,4100.0,4100.0,4100.0
MAT-0423,23375.0,23375.0,23375.0,23175.0,74250.0,53625.0,28875.0,28875.0,15125.0,49500.0,49475.0,24750.0
MAT-0424,197950.0,197950.0,197950.0,197950.0,197950.0,197950.0,197950.0,197950.0,445400.0,507000.0,366750.0,15125.0
MAT-0425,23.0,23.0,23.0,23.0,89.0,197.0,401.0,401.0,401.0,401.0,401.0,401.0
MAT-0426,25500.0,25500.0,25500.0,25500.0,25500.0,25500.0,25500.0,25500.0,25500.0,892500.0,933000.0,76500.0
MAT-0427,15000.0,15000.0,15000.0,15000.0,15000.0,15000.0,15000.0,15000.0,15000.0,15000.0,15000.0,15000.0
MAT-0428,977625.0,166175.0,165000.0,101700.0,101700.0,193875.0,101700.0,361250.0,361225.0,74250.0,299725.0,25.0
MAT-0429,850.0,850.0,850.0,0.0,0.0,0.0,0.0,0.0,0.0,0.0,950.0,950.0
MAT-0430,24750.0,24750.0,24750.0,24750.0,18950.0,23375.0,17575.0,17075.0,0.0,0.0,2575.0,74250.0
MAT-0431,975.0,975.0,975.0,975.0,975.0,975.0,975.0,975.0,975.0,975.0,975.0,975.0
